<?xml version="1.0" encoding="UTF-8"?><rss version="2.0"
	xmlns:content="http://purl.org/rss/1.0/modules/content/"
	xmlns:dc="http://purl.org/dc/elements/1.1/"
	xmlns:atom="http://www.w3.org/2005/Atom"
	xmlns:sy="http://purl.org/rss/1.0/modules/syndication/"
	
	>
<channel>
	<title>
	Comments for Dr. Heather Veltman	</title>
	<atom:link href="https://https://jaayo.github.io/HeatherVeltmanSite/en/comments/feed/" rel="self" type="application/rss+xml" />
	<link>https://https://jaayo.github.io/HeatherVeltmanSite/en/</link>
	<description>Psychothérapeute et docteure</description>
	<lastBuildDate>Mon, 16 Oct 2023 17:53:40 +0000</lastBuildDate>
	<sy:updatePeriod>
	hourly	</sy:updatePeriod>
	<sy:updateFrequency>
	1	</sy:updateFrequency>
	<generator>https://wordpress.org/?v=6.4.1</generator>
</channel>
</rss>
